"column_name","column_type","min","max","approx_unique","avg","std","q25","q50","q75","count","null_percentage"
"flx_ann_moi","INTEGER","202501","202501",1,"202501.0","0.0","202501","202501","202501",36640259,0
"org_cle_reg","VARCHAR","11","99",12,NA,NA,NA,NA,NA,36640259,0
"age_ben_snds","VARCHAR","0","99",10,NA,NA,NA,NA,NA,36640259,0
"ben_res_reg","VARCHAR","11","99",12,NA,NA,NA,NA,NA,36640259,0
"ben_cmu_top","VARCHAR","0","9",4,NA,NA,NA,NA,NA,36640259,0
"ben_qlt_cod","VARCHAR","1","9",5,NA,NA,NA,NA,NA,36640259,0
"ben_sex_cod","VARCHAR","0","2",3,NA,NA,NA,NA,NA,36640259,0
"ddp_spe_cod","VARCHAR","0","93",31,NA,NA,NA,NA,NA,36640259,0
"ete_cat_snds","VARCHAR","1101","9999",43,NA,NA,NA,NA,NA,36640259,0
"ete_reg_cod","VARCHAR","11","99",12,NA,NA,NA,NA,NA,36640259,0
"ete_typ_snds","VARCHAR","1","99",5,NA,NA,NA,NA,NA,36640259,0
"etp_reg_cod","VARCHAR","11","99",12,NA,NA,NA,NA,NA,36640259,0
"etp_cat_snds","VARCHAR","1101","9999",52,NA,NA,NA,NA,NA,36640259,0
"mdt_typ_cod","VARCHAR","1","9",4,NA,NA,NA,NA,NA,36640259,0
"mft_cod","VARCHAR","1","99",20,NA,NA,NA,NA,NA,36640259,0
"prs_fjh_typ","VARCHAR","0","8",5,NA,NA,NA,NA,NA,36640259,0
"prs_act_cog","DOUBLE","-1237500.0","4384007.0",122564,"91.8524494993318","4380.639315041229","1.0","2.028619287214858","9.004625905822168",36640259,0
"prs_act_nbr","DOUBLE","-8407.0","829588.0",17677,"33.904157814475056","1125.5204181406684","1.0","2.0","5.999749102381041",36640259,10.05
"prs_act_qte","DOUBLE","-10043.0","829588.0",19126,"35.06742646115029","1323.657685657474","1.0","2.0","5.931524878582527",36640259,0
"prs_dep_mnt","DOUBLE","-94196.37","1970565.61",117671,"26.772701485817038","1599.4774186437953","0.0","0.0","0.0",36640259,0
"prs_pai_mnt","DOUBLE","-1135738.0","24357307.39",696882,"443.0506383995238","11633.310847314431","1.9818351280648663","18.120679143434238","83.43293816981422",36640259,0
"prs_rem_bse","DOUBLE","-1135738.0","24357307.39",539210,"339.3545754594339","10895.23147813969","0.016040911482041197","9.209588653050044","59.92392606718948",36640259,0
"prs_rem_mnt","DOUBLE","-1135738.0","29289960.83",638303,"375.4520866982156","19518.159626908593","0.9965488792260414","10.26657199511193","54.40337990729384",36640259,0
"flt_act_cog","DOUBLE","-1237500.0","4384007.0",122564,"85.08082544340121","4309.5498343453155","1.0","2.0","7.2103266030369655",36640259,0
"flt_act_nbr","DOUBLE","-8407.0","829588.0",17273,"31.21945609477131","1112.2488981847068","1.0","2.0","4.9998833692516405",36640259,9.16
"flt_act_qte","DOUBLE","-10043.0","829588.0",18316,"32.788526822367714","1315.3906704228461","1.0","2.0","4.999930310590492",36640259,0
"flt_pai_mnt","DOUBLE","-1135738.0","24357307.39",645754,"383.42806983832986","11295.643280037513","0.0","8.437052402618084","65.09176226160814",36640259,0
"flt_dep_mnt","DOUBLE","-94196.37","1970565.61",115444,"25.96478491022728","1595.105805376122","0.0","0.0","0.0",36640259,0
"flt_rem_mnt","DOUBLE","-1135738.0","29289960.83",638303,"364.136578459888","19512.767971654695","0.009503793921371632","6.863096006253798","48.65993654777972",36640259,0
"soi_ann","INTEGER","0","2025",29,"2023.5932575422023","41.787415103110156","2024","2024","2025",36640259,0
"soi_moi","INTEGER","0","12",14,"5.910553579875077","5.069167809529861","1","3","12",36640259,0
"asu_nat","VARCHAR","10","90",7,NA,NA,NA,NA,NA,36640259,0
"att_nat","VARCHAR","0","3",4,NA,NA,NA,NA,NA,36640259,0
"cpl_cod","VARCHAR","0","3",4,NA,NA,NA,NA,NA,36640259,0
"cpt_env_typ","VARCHAR","0","9",7,NA,NA,NA,NA,NA,36640259,0
"drg_aff_nat","VARCHAR","11","99",20,NA,NA,NA,NA,NA,36640259,0
"ete_ind_taa","VARCHAR","0","9",4,NA,NA,NA,NA,NA,36640259,0
"exo_mtf","VARCHAR","0","99",22,NA,NA,NA,NA,NA,36640259,0
"mtm_nat","VARCHAR","0","9",6,NA,NA,NA,NA,NA,36640259,0
"prs_nat","VARCHAR","1038","9999",811,NA,NA,NA,NA,NA,36640259,0
"prs_ppu_sec","VARCHAR","1","2",2,NA,NA,NA,NA,NA,36640259,0
"prs_rem_tau","DOUBLE","0.0","999.0",3464,"76.93915976003295","27.166542771825966","60.0","93.74197882954489","100.0",36640259,0
"prs_rem_typ","VARCHAR","0","99",9,NA,NA,NA,NA,NA,36640259,0
"prs_pds_qcp","VARCHAR","0","8",22,NA,NA,NA,NA,NA,36640259,0
"exe_ins_reg","VARCHAR","11","99",12,NA,NA,NA,NA,NA,36640259,0
"pse_act_snds","VARCHAR","0","99",13,NA,NA,NA,NA,NA,36640259,0
"pse_act_cat","VARCHAR","0","99",10,NA,NA,NA,NA,NA,36640259,0
"pse_spe_snds","VARCHAR","0","99",27,NA,NA,NA,NA,NA,36640259,0
"pse_stj_snds","VARCHAR","1","9",4,NA,NA,NA,NA,NA,36640259,0
"pre_ins_reg","VARCHAR","11","99",12,NA,NA,NA,NA,NA,36640259,0
"psp_act_snds","VARCHAR","0","99",13,NA,NA,NA,NA,NA,36640259,0
"psp_act_cat","VARCHAR","0","99",10,NA,NA,NA,NA,NA,36640259,0
"psp_spe_snds","VARCHAR","0","99",27,NA,NA,NA,NA,NA,36640259,0
"psp_stj_snds","VARCHAR","1","9",4,NA,NA,NA,NA,NA,36640259,0
"top_ps5_trg","VARCHAR","0","9",3,NA,NA,NA,NA,NA,36640259,0
"etb_dcs_mco","VARCHAR","C","Z",10,NA,NA,NA,NA,NA,36640259,0
"source_file","VARCHAR","C:\Users\iama\OneDrive - Ospharm\sauvegarde\Document personnel\Projet\DATA SCIENTIST\segmentation-prescripteurs-open-damir\data\raw\A202501.csv.gz","C:\Users\iama\OneDrive - Ospharm\sauvegarde\Document personnel\Projet\DATA SCIENTIST\segmentation-prescripteurs-open-damir\data\raw\A202501.csv.gz",1,NA,NA,NA,NA,NA,36640259,0
